-- MySQL dump 10.13  Distrib 8.1.0, for macos13 (x86_64)
--
-- Host: localhost    Database: cibel_db
-- ------------------------------------------------------
-- Server version	8.1.0

/*!40101 SET @OLD_CHARACTER_SET_CLIENT=@@CHARACTER_SET_CLIENT */;
/*!40101 SET @OLD_CHARACTER_SET_RESULTS=@@CHARACTER_SET_RESULTS */;
/*!40101 SET @OLD_COLLATION_CONNECTION=@@COLLATION_CONNECTION */;
/*!50503 SET NAMES utf8mb4 */;
/*!40103 SET @OLD_TIME_ZONE=@@TIME_ZONE */;
/*!40103 SET TIME_ZONE='+00:00' */;
/*!40014 SET @OLD_UNIQUE_CHECKS=@@UNIQUE_CHECKS, UNIQUE_CHECKS=0 */;
/*!40014 SET @OLD_FOREIGN_KEY_CHECKS=@@FOREIGN_KEY_CHECKS, FOREIGN_KEY_CHECKS=0 */;
/*!40101 SET @OLD_SQL_MODE=@@SQL_MODE, SQL_MODE='NO_AUTO_VALUE_ON_ZERO' */;
/*!40111 SET @OLD_SQL_NOTES=@@SQL_NOTES, SQL_NOTES=0 */;

--
-- Table structure for table `activo`
--

DROP TABLE IF EXISTS `activo`;
/*!40101 SET @saved_cs_client     = @@character_set_client */;
/*!50503 SET character_set_client = utf8mb4 */;
CREATE TABLE `activo` (
  `id` bigint NOT NULL AUTO_INCREMENT,
  `icono` varchar(500) DEFAULT NULL,
  `nombre` varchar(255) DEFAULT NULL,
  `fk_categoria` bigint DEFAULT NULL,
  `fk_tipo` bigint DEFAULT NULL,
  PRIMARY KEY (`id`),
  KEY `FKo7jvg33gldxf460kybfaricgl` (`fk_categoria`),
  KEY `FKaakrmem736359wwli98ht9c14` (`fk_tipo`),
  CONSTRAINT `FKaakrmem736359wwli98ht9c14` FOREIGN KEY (`fk_tipo`) REFERENCES `tipo` (`id`),
  CONSTRAINT `FKo7jvg33gldxf460kybfaricgl` FOREIGN KEY (`fk_categoria`) REFERENCES `categoria` (`id`)
) ENGINE=InnoDB AUTO_INCREMENT=46 DEFAULT CHARSET=utf8mb4 COLLATE=utf8mb4_0900_ai_ci;
/*!40101 SET character_set_client = @saved_cs_client */;

--
-- Dumping data for table `activo`
--

LOCK TABLES `activo` WRITE;
/*!40000 ALTER TABLE `activo` DISABLE KEYS */;
INSERT INTO `activo` VALUES (1,'https://i.imgur.com/q3hit4x.jpg','Lenovo ThinkPad T440s',4,1),(2,'https://i.imgur.com/GMhTztK.jpg','Apple Mac Mini',4,1),(3,'https://i.imgur.com/O0cnwUV.jpg','iPhone 12',4,2),(4,'https://i.imgur.com/O3UGkJZ.jpg','iPhone 13',4,2),(5,'https://i.imgur.com/YExRit4.jpg','Samsung Galaxy S5',4,2),(6,'https://i.imgur.com/pRm9XCs.jpg','Huawei Mate 20',4,2),(7,'https://i.imgur.com/S15N7Ke.jpg','Samsung Smart TV X10P',4,3),(8,'https://i.imgur.com/CmJMqXX.jpg','TCL Android Smart TV V8-R851T02-LF1',4,3),(9,'https://i.imgur.com/unrSgow.jpg','Xiaomi Mi Pad 4',4,4),(10,'https://i.imgur.com/H9N22GX.jpg','Dell Latitude 7202',4,4),(11,'https://i.imgur.com/fWhU1zr.jpg','Playstation 3',4,5),(12,'https://i.imgur.com/vs0DKTS.jpg','Microsoft Xbox 360',4,5),(13,'https://i.imgur.com/703D8Kf.jpg','HP OfficeJet Pro',4,6),(14,'https://i.imgur.com/kF63Ys4.jpg','Brother MFC-9970CDW',4,6),(15,'https://i.imgur.com/RJBXOi9.jpg','Pebble Smartwatch',4,7),(16,'https://i.imgur.com/oSevGDV.jpg','Apple Watch Ultra',4,7),(17,'https://i.imgur.com/wSJQS6n.jpg','Amazon echo dot',4,8),(18,'https://i.imgur.com/whBSXNw.jpg','Google Home',4,8),(19,'https://i.imgur.com/IKBHdVh.jpg','JBL Go 2',4,8),(20,'https://i.imgur.com/IpcXzzo.jpg','SONY Wireless Headphones WF-1000X',4,9),(21,'https://i.imgur.com/Tl0PXft.jpg','JBL TUNE500BT',4,9),(22,'https://i.imgur.com/QbGQQRs.jpg','TPLink Tapo L530',2,10),(23,'https://i.imgur.com/QWOK1nL.jpg','Philips Smart Wi-Fi Wiz Connected',2,10),(24,'https://i.imgur.com/g5RMyjd.png','Radio Thermostat CT80',3,11),(25,'https://i.imgur.com/Lb58INI.jpg','Radio Thermostat CT50',3,11),(26,'https://i.imgur.com/2Txmbm9.jpg','TP-LINK Archer C50',4,12),(27,'https://i.imgur.com/6heobAp.jpg','Alcatel-Lucent CellPipe 7130',4,12),(28,'https://i.imgur.com/mDHTaqF.jpg','Huawei HG8247',4,12),(29,'https://i.imgur.com/tJAslKX.jpg','Ayision Ays-WR01',4,13),(30,'https://i.imgur.com/7qoTqhJ.jpg','Intelbras NPLUG',4,13),(31,'https://i.imgur.com/2Ba8DD4.jpg','TP-Link Tapo C200',4,14),(32,'https://i.imgur.com/qvP1t0k.jpg','Geutebruck G-Cam/EFD-2250',4,14),(33,'https://i.imgur.com/VewPFwC.jpg','ADC-V522IR',4,14),(34,'https://i.imgur.com/roaAajv.jpg','ABUS Secvest FUAA50000',4,15),(35,'https://i.imgur.com/kFsxGtv.jpg','Chuango 433 MHz burglar-alarm',4,15),(36,'https://i.imgur.com/13fkdoF.jpg','Tinxy Door Lock',2,16),(37,'https://i.imgur.com/TVvmTBR.jpg','Nokelock Smart padlock O1',2,16),(38,'https://i.imgur.com/NuBindD.jpg','FLIR AX8',3,17),(39,'https://i.imgur.com/oN9t9yt.jpg','Tollgrade SmartGrid LightHouse Sensor',3,17),(40,'https://i.imgur.com/mnocpef.jpg','Dongguan Diqee Diqee360',4,18),(41,'https://i.imgur.com/NexDG3C.jpg','Jisiwei i3',4,18),(42,'https://i.imgur.com/XTQfWgc.jpg','Rittal Chiller SK 3232-Series',4,18),(43,'https://i.imgur.com/A6NOf1d.jpg','Sophos Cyberoam',4,19),(44,'https://i.imgur.com/96yJqyS.jpg','Finjan Vital Security Appliance 5100',4,19),(45,'https://i.imgur.com/DsMjXBN.jpg','Innominate mGuard Smart HW',4,19);
/*!40000 ALTER TABLE `activo` ENABLE KEYS */;
UNLOCK TABLES;

--
-- Table structure for table `activo_x_vulnerabilidad`
--

DROP TABLE IF EXISTS `activo_x_vulnerabilidad`;
/*!40101 SET @saved_cs_client     = @@character_set_client */;
/*!50503 SET character_set_client = utf8mb4 */;
CREATE TABLE `activo_x_vulnerabilidad` (
  `fk_activo` bigint NOT NULL,
  `fk_vulnerabilidad` varchar(255) NOT NULL,
  KEY `FK6y4hd3xuqu7rjalxdivq3e9xg` (`fk_vulnerabilidad`),
  KEY `FKnnhfiho7p1hect4kyxxudvttj` (`fk_activo`),
  CONSTRAINT `FK6y4hd3xuqu7rjalxdivq3e9xg` FOREIGN KEY (`fk_vulnerabilidad`) REFERENCES `vulnerabilidad` (`idcve`),
  CONSTRAINT `FKnnhfiho7p1hect4kyxxudvttj` FOREIGN KEY (`fk_activo`) REFERENCES `activo` (`id`)
) ENGINE=InnoDB DEFAULT CHARSET=utf8mb4 COLLATE=utf8mb4_0900_ai_ci;
/*!40101 SET character_set_client = @saved_cs_client */;

--
-- Dumping data for table `activo_x_vulnerabilidad`
--

LOCK TABLES `activo_x_vulnerabilidad` WRITE;
/*!40000 ALTER TABLE `activo_x_vulnerabilidad` DISABLE KEYS */;
INSERT INTO `activo_x_vulnerabilidad` VALUES (9,'CVE-2019-15469'),(10,'CVE-2020-5348'),(11,'CVE-2007-1728'),(11,'CVE-2009-2541'),(11,'CVE-2017-17010'),(12,'CVE-2007-1220'),(12,'CVE-2007-1221'),(13,'CVE-2013-4845'),(13,'CVE-2017-2741'),(13,'CVE-2019-6332'),(13,'CVE-2020-11158'),(13,'CVE-2019-16240'),(14,'CVE-2013-2507'),(14,'CVE-2013-2670'),(14,'CVE-2013-2671'),(14,'CVE-2013-2672'),(14,'CVE-2013-2673'),(14,'CVE-2013-2674'),(14,'CVE-2013-2676'),(14,'CVE-2013-2675'),(15,'CVE-2016-10702'),(16,'CVE-2023-40418'),(1,'CVE-2015-7267'),(1,'CVE-2015-7268'),(2,'CVE-2006-6292'),(2,'CVE-2007-0355'),(3,'CVE-2012-1327'),(3,'CVE-2019-25071'),(4,'CVE-2019-25071'),(5,'CVE-2015-4640'),(5,'CVE-2015-4641'),(5,'CVE-2015-4034'),(5,'CVE-2017-18681'),(5,'CVE-2020-35693'),(6,'CVE-2018-7956'),(6,'CVE-2019-5221'),(6,'CVE-2020-1787'),(6,'CVE-2020-1786'),(6,'CVE-2020-1840'),(6,'CVE-2020-1882'),(6,'CVE-2020-1791'),(6,'CVE-2020-1807'),(6,'CVE-2019-5302'),(6,'CVE-2019-5303'),(6,'CVE-2020-1797'),(6,'CVE-2020-1831'),(6,'CVE-2020-9252'),(6,'CVE-2020-9251'),(6,'CVE-2020-9244'),(6,'CVE-2020-9103'),(6,'CVE-2020-9083'),(6,'CVE-2020-9092'),(6,'CVE-2020-9113'),(6,'CVE-2020-9247'),(6,'CVE-2021-22440'),(7,'CVE-2015-5729'),(8,'CVE-2020-27403'),(8,'CVE-2020-28055'),(17,'CVE-2019-15027'),(17,'CVE-2021-37436'),(17,'CVE-2022-25809'),(17,'CVE-2023-33248'),(18,'CVE-2011-2785'),(18,'CVE-2013-0927'),(18,'CVE-2018-12716'),(18,'CVE-2022-36442'),(19,'CVE-2021-38548'),(20,'CVE-2020-5589'),(21,'CVE-2021-28155'),(22,'CVE-2023-38906'),(22,'CVE-2023-38908'),(22,'CVE-2023-38909'),(22,'CVE-2023-38907'),(23,'CVE-2019-18980'),(24,'CVE-2013-4860'),(24,'CVE-2018-11315'),(25,'CVE-2013-4860'),(25,'CVE-2018-11315'),(26,'CVE-2020-9375'),(26,'CVE-2022-33087'),(26,'CVE-2023-0936'),(26,'CVE-2023-30383'),(26,'CVE-2023-31188'),(27,'CVE-2015-4586'),(27,'CVE-2015-4587'),(28,'CVE-2014-0337'),(29,'CVE-2019-19514'),(29,'CVE-2019-19515'),(30,'CVE-2018-12455'),(30,'CVE-2018-12456'),(30,'CVE-2018-17337'),(31,'CVE-2021-4045'),(31,'CVE-2022-41505'),(31,'CVE-2023-27126'),(32,'CVE-2017-5173'),(32,'CVE-2017-5174'),(32,'CVE-2018-7512'),(32,'CVE-2018-7516'),(32,'CVE-2018-7520'),(32,'CVE-2018-7524'),(32,'CVE-2018-7528'),(32,'CVE-2018-7532'),(33,'CVE-2018-19588'),(33,'CVE-2019-9657'),(34,'CVE-2019-9862'),(34,'CVE-2019-9863'),(34,'CVE-2019-9860'),(34,'CVE-2019-9861'),(34,'CVE-2019-14261'),(34,'CVE-2020-28973'),(35,'CVE-2019-9659'),(35,'CVE-2019-11561'),(36,'CVE-2020-9438'),(37,'CVE-2022-36228'),(38,'CVE-2022-37060'),(38,'CVE-2022-37061'),(38,'CVE-2022-37062'),(38,'CVE-2022-37063'),(38,'CVE-2022-4364'),(39,'CVE-2016-0863'),(39,'CVE-2016-0864'),(39,'CVE-2016-0865'),(39,'CVE-2016-0866'),(40,'CVE-2018-10987'),(41,'CVE-2019-12820'),(41,'CVE-2019-12821'),(42,'CVE-2019-13549'),(42,'CVE-2019-13553'),(43,'CVE-2014-5501'),(43,'CVE-2014-5502'),(43,'CVE-2014-5503'),(43,'CVE-2015-6811'),(43,'CVE-2016-3968'),(43,'CVE-2016-7786'),(43,'CVE-2016-9834'),(43,'CVE-2019-17059'),(44,'CVE-2006-3663'),(45,'CVE-2012-3006');
/*!40000 ALTER TABLE `activo_x_vulnerabilidad` ENABLE KEYS */;
UNLOCK TABLES;

--
-- Table structure for table `amenaza`
--

DROP TABLE IF EXISTS `amenaza`;
/*!40101 SET @saved_cs_client     = @@character_set_client */;
/*!50503 SET character_set_client = utf8mb4 */;
CREATE TABLE `amenaza` (
  `id` bigint NOT NULL AUTO_INCREMENT,
  `descripcion` varchar(2000) DEFAULT NULL,
  `nombre` varchar(255) DEFAULT NULL,
  PRIMARY KEY (`id`)
) ENGINE=InnoDB DEFAULT CHARSET=utf8mb4 COLLATE=utf8mb4_0900_ai_ci;
/*!40101 SET character_set_client = @saved_cs_client */;

--
-- Dumping data for table `amenaza`
--

LOCK TABLES `amenaza` WRITE;
/*!40000 ALTER TABLE `amenaza` DISABLE KEYS */;
/*!40000 ALTER TABLE `amenaza` ENABLE KEYS */;
UNLOCK TABLES;

--
-- Table structure for table `categoria`
--

DROP TABLE IF EXISTS `categoria`;
/*!40101 SET @saved_cs_client     = @@character_set_client */;
/*!50503 SET character_set_client = utf8mb4 */;
CREATE TABLE `categoria` (
  `id` bigint NOT NULL AUTO_INCREMENT,
  `nombre` varchar(255) DEFAULT NULL,
  PRIMARY KEY (`id`)
) ENGINE=InnoDB AUTO_INCREMENT=5 DEFAULT CHARSET=utf8mb4 COLLATE=utf8mb4_0900_ai_ci;
/*!40101 SET character_set_client = @saved_cs_client */;

--
-- Dumping data for table `categoria`
--

LOCK TABLES `categoria` WRITE;
/*!40000 ALTER TABLE `categoria` DISABLE KEYS */;
INSERT INTO `categoria` VALUES (1,'Constrained device - Class 0'),(2,'Constrained device - Class 1'),(3,'Constrained device - Class 2'),(4,'High-capacity device');
/*!40000 ALTER TABLE `categoria` ENABLE KEYS */;
UNLOCK TABLES;

--
-- Table structure for table `categoria_x_control`
--

DROP TABLE IF EXISTS `categoria_x_control`;
/*!40101 SET @saved_cs_client     = @@character_set_client */;
/*!50503 SET character_set_client = utf8mb4 */;
CREATE TABLE `categoria_x_control` (
  `fk_categoria` bigint NOT NULL,
  `fk_control` bigint NOT NULL,
  KEY `FKs51q05jamgtu1scgbsy5vq4v1` (`fk_control`),
  KEY `FK5dpqvi8if2cr4d1mefs7p0t6q` (`fk_categoria`),
  CONSTRAINT `FK5dpqvi8if2cr4d1mefs7p0t6q` FOREIGN KEY (`fk_categoria`) REFERENCES `categoria` (`id`),
  CONSTRAINT `FKs51q05jamgtu1scgbsy5vq4v1` FOREIGN KEY (`fk_control`) REFERENCES `control` (`id`)
) ENGINE=InnoDB DEFAULT CHARSET=utf8mb4 COLLATE=utf8mb4_0900_ai_ci;
/*!40101 SET character_set_client = @saved_cs_client */;

--
-- Dumping data for table `categoria_x_control`
--

LOCK TABLES `categoria_x_control` WRITE;
/*!40000 ALTER TABLE `categoria_x_control` DISABLE KEYS */;
/*!40000 ALTER TABLE `categoria_x_control` ENABLE KEYS */;
UNLOCK TABLES;

--
-- Table structure for table `control`
--

DROP TABLE IF EXISTS `control`;
/*!40101 SET @saved_cs_client     = @@character_set_client */;
/*!50503 SET character_set_client = utf8mb4 */;
CREATE TABLE `control` (
  `id` bigint NOT NULL AUTO_INCREMENT,
  `descripcion` varchar(2000) DEFAULT NULL,
  `nombre` varchar(255) DEFAULT NULL,
  PRIMARY KEY (`id`)
) ENGINE=InnoDB DEFAULT CHARSET=utf8mb4 COLLATE=utf8mb4_0900_ai_ci;
/*!40101 SET character_set_client = @saved_cs_client */;

--
-- Dumping data for table `control`
--

LOCK TABLES `control` WRITE;
/*!40000 ALTER TABLE `control` DISABLE KEYS */;
/*!40000 ALTER TABLE `control` ENABLE KEYS */;
UNLOCK TABLES;

--
-- Table structure for table `control_x_amenaza`
--

DROP TABLE IF EXISTS `control_x_amenaza`;
/*!40101 SET @saved_cs_client     = @@character_set_client */;
/*!50503 SET character_set_client = utf8mb4 */;
CREATE TABLE `control_x_amenaza` (
  `fk_amenaza` bigint NOT NULL,
  `fk_control` bigint NOT NULL,
  KEY `FKmsnayjmcncrvdeo1rkao06wi5` (`fk_control`),
  KEY `FKroi503iqam96kycfxan7sxwmj` (`fk_amenaza`),
  CONSTRAINT `FKmsnayjmcncrvdeo1rkao06wi5` FOREIGN KEY (`fk_control`) REFERENCES `control` (`id`),
  CONSTRAINT `FKroi503iqam96kycfxan7sxwmj` FOREIGN KEY (`fk_amenaza`) REFERENCES `amenaza` (`id`)
) ENGINE=InnoDB DEFAULT CHARSET=utf8mb4 COLLATE=utf8mb4_0900_ai_ci;
/*!40101 SET character_set_client = @saved_cs_client */;

--
-- Dumping data for table `control_x_amenaza`
--

LOCK TABLES `control_x_amenaza` WRITE;
/*!40000 ALTER TABLE `control_x_amenaza` DISABLE KEYS */;
/*!40000 ALTER TABLE `control_x_amenaza` ENABLE KEYS */;
UNLOCK TABLES;

--
-- Table structure for table `tipo`
--

DROP TABLE IF EXISTS `tipo`;
/*!40101 SET @saved_cs_client     = @@character_set_client */;
/*!50503 SET character_set_client = utf8mb4 */;
CREATE TABLE `tipo` (
  `id` bigint NOT NULL AUTO_INCREMENT,
  `nombre` varchar(255) DEFAULT NULL,
  PRIMARY KEY (`id`)
) ENGINE=InnoDB AUTO_INCREMENT=20 DEFAULT CHARSET=utf8mb4 COLLATE=utf8mb4_0900_ai_ci;
/*!40101 SET character_set_client = @saved_cs_client */;

--
-- Dumping data for table `tipo`
--

LOCK TABLES `tipo` WRITE;
/*!40000 ALTER TABLE `tipo` DISABLE KEYS */;
INSERT INTO `tipo` VALUES (1,'Ordenadores'),(2,'Smartphones'),(3,'Smart TV\'s'),(4,'Tablets'),(5,'Consolas'),(6,'Impresoras'),(7,'Relojes inteligentes'),(8,'Altavoces inteligentes'),(9,'Auriculares inteligentes'),(10,'Iluminación inteligente'),(11,'Termostatos inteligentes'),(12,'Routers'),(13,'Repetidores y amplificadores'),(14,'Cámaras de seguridad IP inteligentes'),(15,'Alarmas y timbres de seguridad inteligentes'),(16,'Cerraduras inteligentes'),(17,'Detectores y sensores'),(18,'Electrodomésticos inteligentes'),(19,'Otros');
/*!40000 ALTER TABLE `tipo` ENABLE KEYS */;
UNLOCK TABLES;

--
-- Table structure for table `vulnerabilidad`
--

DROP TABLE IF EXISTS `vulnerabilidad`;
/*!40101 SET @saved_cs_client     = @@character_set_client */;
/*!50503 SET character_set_client = utf8mb4 */;
CREATE TABLE `vulnerabilidad` (
  `idcve` varchar(255) NOT NULL,
  `availability_impact` varchar(255) DEFAULT NULL,
  `base_score` double NOT NULL,
  `base_severity` varchar(255) DEFAULT NULL,
  `confidentiality_impact` varchar(255) DEFAULT NULL,
  `descripcion` varchar(5000) DEFAULT NULL,
  `integrity_impact` varchar(255) DEFAULT NULL,
  PRIMARY KEY (`idcve`)
) ENGINE=InnoDB DEFAULT CHARSET=utf8mb4 COLLATE=utf8mb4_0900_ai_ci;
/*!40101 SET character_set_client = @saved_cs_client */;

--
-- Dumping data for table `vulnerabilidad`
--

LOCK TABLES `vulnerabilidad` WRITE;
/*!40000 ALTER TABLE `vulnerabilidad` DISABLE KEYS */;
INSERT INTO `vulnerabilidad` VALUES ('CVE-2006-3663','PARTIAL',4.6,'MEDIUM','PARTIAL','Finjan Vital Security Appliance 5100/8100 NG 8.3.5 almacena contraseñas en texto plano en un archivo de backup, el cual permite a usuarios locales ganar privilegios. NOTA: el vendedor ha notificado al CVE que este asunto se solucionó con la versión 8.3.6.','PARTIAL'),('CVE-2006-6292','COMPLETE',5.7,'MEDIUM','NONE','Apple Airport Extreme firmware 0.1.27 en Mac OS X 10.4.8 permite a atacantes remotos provocar una denegación de servicio (acceso a memoria fuera de rango, y fallo irrecuperable del sistema o kernel panic) y también otros posibles impactos relacionados con la seguridad mediante ciertos marcos (beacon frames).','NONE'),('CVE-2007-0355','COMPLETE',7.2,'HIGH','COMPLETE','Un desbordamiento de búfer en Apple Minimal SLP v2 Service Agent (slpd) en Mac OS X versión 10.4.11 y anteriores, incluyendo versión 10.4.8, permite a usuarios locales, y posiblemente a atacantes remotos, alcanzar privilegios y posiblemente ejecutar código arbitrario por medio de una petición de registro con un campo attr-list no válido.','COMPLETE'),('CVE-2007-1220','COMPLETE',6.2,'MEDIUM','COMPLETE','El Hypervisor en Microsoft Xbox 360 kernel 4532 y 4548 no verifica correctamente los parámetros pasados al despachador del syscall, que permite que los atacantes con acceso físico evitar requisitos la firma de código y que ejecuten código de su elección.','COMPLETE'),('CVE-2007-1221','COMPLETE',7.2,'HIGH','COMPLETE','El Hypervisor del kernel de Microsoft Xbox 360 4532 y 4548 permite a atacantes con acceso físico forzar la ejecución  de la llamada al sistema del hypervisor con un conjunto de registros, que evita la intencionada protección de código.','COMPLETE'),('CVE-2007-1728','COMPLETE',7.8,'HIGH','NONE','La característica de Jugar de forma remota en in Sony Playstation 3 (PS3) 1.60 y de la Playstation Portable (PSP) 3.10 OE-A permie a atacantes remotos provocar denegación de servicio a través de la inundación de paquetes UDP.','NONE'),('CVE-2009-2541','COMPLETE',7.8,'HIGH','NONE','El navegador web en Sony PLAYSTATION 3 (PS3) permite a atacantes remotos provocar una denegación de servicio (consumo de memoria y colgado de la consola) mediante un valor entero grande en la propiedad \"length\" de un objeto \"Select\", siendo un asunto relacionado con CVE-2009-1692.','NONE'),('CVE-2011-2785','NONE',4.3,'MEDIUM','NONE','La implementación de extensiones de Google Chrome anterior a v13.0.782.107 no valida correctamente la dirección URL de la página principal, lo que permite a atacantes remotos tener un impacto no especificado a través de una extensión manipulada.','PARTIAL'),('CVE-2012-1327','COMPLETE',6.1,'MEDIUM','NONE','dot11t/t_if_dot11_hal_ath.c en Cisco IOS v12.3, v12.4, v15.0, y v15.1 permite a atacantes remotos causar una denegación de servicio (reinicio del sistema) a través de tráfico 802.11, como se demuestra con una llamada de vídeo desde un Apple iOS 5.0 en un iPhone 4S, también conocido como Bug ID CSCtt94391.','NONE'),('CVE-2012-3006','COMPLETE',7.1,'HIGH','COMPLETE','The Innominate mGuard Smart HW antes de HW-101130 y BD antes de BD-101030, mGuard industrial RS, mGuard delta HW antes de HW-103060 y BD antes de BD-211010, mGuard PCI, mGuard blade, y EAGLE mGuard con sistema anterior a v7.5.0, no utiliza una fuente suficiente de la entropía de las claves privadas, lo que hace que sea más fácil para los atacantes de MITM (man-in-the-middle) falsificar (1) HTTPS o (2) servidores SSH mediante la predicción de un valor clave.','COMPLETE'),('CVE-2013-0927','PARTIAL',7.5,'HIGH','PARTIAL','Google Chrome OS antes v26.0.1410.57 se basa en una implementación de Pango pango-utils.c read_config que carga el contenido del archivo .Pangorc en el directorio home del usuario y el archivo referenciado por la variable de entorno PANGO_RC_FILE, lo que permite a los atacantes para eludir las restricciones de acceso previstas a través unos datos de configuración hechos a medida.','PARTIAL'),('CVE-2013-2507','NONE',4.3,'MEDIUM','NONE','Múltiples vulnerabilidades de XSS en la impresora Brother MFC-9970CDW con firmware G (1.03) permiten a atacantes remotos inyectar script Web o HTML arbitrarios a través del parámetro (1) id hacia admin/log_to_net.html o (2) kind hacia fax/copy_settings.html, una vulnerabilidad diferente a CVE-2013-2670 y CVE-2013-2671.','PARTIAL'),('CVE-2013-2670','NONE',4.3,'MEDIUM','NONE','Vulnerabilidad de XSS en la impresora Brother MFC-9970CDW con firmware G (1.03) y L (1.10) permite a atacantes remotos inyectar script Web o HTML arbitrarios a través de un parámetro name (QUERY_STRING) arbitrario hacia admin/admin_main.html, una vulnerabilidad diferente a CVE-2013-2507 y CVE-2013-2671.','PARTIAL'),('CVE-2013-2671','NONE',4.3,'MEDIUM','NONE','Múltiples vulnerabilidades de XSS en la impresora Brother MFC-9970CDW con firmware L (1.10) permiten a atacantes remotos inyectar script Web o HTML arbitrarios a través de (1) el parámetro id o (2) val hacia admin/admin_main.html; (3) el parámetro id, (4) val o (5) name (QUERY_STRING) arbitrario hacia admin/profile_settings_net.html; o (6) el parámetro kind o (7) name (QUERY_STRING) arbitrario hacia fax/general_setup.html, una vulnerabilidad diferente a CVE-2013-2507 y CVE-2013-2670.','PARTIAL'),('CVE-2013-2672','NONE',5,'MEDIUM','PARTIAL','Los dispositivos Brother MFC-9970CDW con firmware 0D, permiten el envío de contraseñas en texto sin cifrar.','NONE'),('CVE-2013-2673','PARTIAL',4.6,'MEDIUM','PARTIAL','Los dispositivos Brother MFC-9970CDW versión 1.10 firmware L, contienen una vulnerabilidad de omisión de seguridad que permite a atacantes físicamente cercanos conseguir acceso no autorizado.','PARTIAL'),('CVE-2013-2674','NONE',5,'MEDIUM','PARTIAL','Los dispositivos Brother MFC-9970CDW versión 1.10 firmware L, contienen una vulnerabilidad de divulgación de información que permite a atacantes remotos visualizar información confidencial de los registros de referencia debido al manejo inadecuado de los encabezados referer de HTTP.','NONE'),('CVE-2013-2675','NONE',4.3,'MEDIUM','PARTIAL','Los dispositivos Brother MFC-9970CDW versión 1.10 con Firmware L, contienen una vulnerabilidad de respuesta Enmarcable (Secuestro de Cliqueo), lo que podría permitir a atacantes remotos obtener información confidencial.','NONE'),('CVE-2013-2676','NONE',5,'MEDIUM','PARTIAL','Los dispositivos Brother MFC-9970CDW versión 1.10 firmware L, contienen una vulnerabilidad de divulgación de información que permite a atacantes remotos visualizar direcciones IP privadas y otra información confidencial.','NONE'),('CVE-2013-4845','NONE',4.3,'MEDIUM','NONE','Cross-site scripting (XSS) en HP Officejet Pro 8500 (aka A909) impresoras All-in-One permite a atacantes remotos inyectar secuencias de comandos web o HTML a través de vectores no especificados.','PARTIAL'),('CVE-2013-4860','COMPLETE',8.3,'HIGH','COMPLETE','Radio Thermostat CT80 And CT50 con firmware 1.4.64 y anteriores no restringe acceso a la API, lo que permite a atacantes remotos cambiar el modo de operación, configuraciones de conexión wifi, umbrales de temperatura y otras configuraciones a través de vectores no especificados.','COMPLETE'),('CVE-2014-0337','NONE',4.3,'MEDIUM','NONE','Vulnerabilidad de XSS en la interfaz de web en routers Huawei Echo Life HG8247 con software anterior a V100R006C00SPC127 permite a atacantes remotos inyectar script Web o HTML arbitrarios a través de un intento de conexión TELNET inválido con nombre de usuario manipulado que no está manejado debidamente durante la construcción de la visualización de registro \"intentos fallidos de inicio de sesión sobre telnet\".','PARTIAL'),('CVE-2014-5501','COMPLETE',9.3,'HIGH','COMPLETE','Desbordamiento de buffer basado en pila en el servicio de diagnóstica en los dispositivos Sophos Cyberoam with CyberoamOS anterior a 10.6.1 GA permite a atacantes remotos ejecutar código arbitrario a través de una página web manipulada o un fichero manipulado.','COMPLETE'),('CVE-2014-5502','COMPLETE',9,'HIGH','COMPLETE','Los dispositivos Sophos Cyberoam con CyberoamOS anterior a 10.6.1 GA permite a usuarios remotos autenticados inyectar comandos arbitrarios a través de un código de operación (1) checkcert_key, (2) webclient_portal_settings, (3) sslvpn_liveuser_delete, o (4) ccc_flush_sql_file.','COMPLETE'),('CVE-2014-5503','COMPLETE',10,'HIGH','COMPLETE','Vulnerabilidad de inyección SQL en el portal de inicio de sesión de huéspedes en los dispositivos Sophos Cyberoam con CyberoamOS anterior a 10.6.1 GA permite a atacantes remotos ejecutar comandos SQL arbitrarios a través del código de operación add_guest_user.','COMPLETE'),('CVE-2015-4034','COMPLETE',7.9,'HIGH','COMPLETE','El método createFromParcel en la clase com.absolute.android.persistence.MethodSpec en Samsung Galaxy S5s permite a atacantes remotos ejecutar ficheros arbitrarios a través de un objeto Parcelable manipulado en un objeto MethodSpec serializado.','COMPLETE'),('CVE-2015-4586','PARTIAL',6.8,'MEDIUM','PARTIAL','Vulnerabilidad de CSRF en Alcatel-Lucent CellPipe 7130 RG 5Ae.M2013 HOL con firmware 1.0.0.20h.HOL permite a atacantes remotos secuestrar la autenticación de administradores para solicitudes que crean una cuenta de usuario a través de una acción add_user wn una solicitud a password.cmd.','PARTIAL'),('CVE-2015-4587','NONE',4.3,'MEDIUM','NONE','Vulnerabilidad de XSS en el router Alcatel-Lucent CellPipe 7130 con firmware 1.0.0.20h.HOL permite a atacantes remotos inyectar secuencias de comandos web arbitrarios o HTML a través del campo \'Custom application\' en el menú \'port triggering\'.','PARTIAL'),('CVE-2015-4640','NONE',2.9,'LOW','NONE','La implementación de la actualización del paquete de lenguas SwiftKey en los dispositivos Samsung Galaxy S4, S4 Mini, S5, y S6 depende de una conexión HTTP al servidor skslm.swiftkey.net, lo que permite a atacantes man-in-the-middle escribir en ficheros del paquete de lenguas mediante la modificación de una respuesta HTTP. NOTA: La explotación de CVE-2015-4640 puede combinarse con la explotación de CVE-2015-4641 para la ejecución de código man-in-the-middle.','PARTIAL'),('CVE-2015-4641','PARTIAL',6.4,'MEDIUM','NONE','Vulnerabilidad de salto de directorio en la implementación de la actualización del paquete de lenguas SwiftKey en los dispositivos Samsung Galaxy S4, S4 Mini, S5, y S6 permite servidores web remotos escribir en ficheros arbitrarios, y como consecuencia ejecutar código arbitrario en un contexto privilegiado, mediante el aprovechamiento del control del nombre de dominio skslm.swiftkey.net y la provisión de un .. (punto punto) en una entrada en un archivo ZIP, tal y como fue demostrado por un salto en el directorio /data/dalvik-cache.','PARTIAL'),('CVE-2015-5729','NONE',5,'MEDIUM','PARTIAL','La característica Soft Access Point (AP) en Samsung Smart TV X10P, X12, X14H, X14J y NT14U e impresoras Xpress M288OFW genera claves WPA2 PSK débiles, lo que hace más fácil para atacantes remotos obtener información sensible o eludir la autenticación a través de un ataque de fuerza bruta.','NONE'),('CVE-2015-6811','PARTIAL',7.5,'HIGH','PARTIAL','Vulnerabilidad de inyección SQL en el dispositivo de firewall Sophos Cyberoam CR500iNG-XP con CyberoamOS 10.6.2 MR-1 y versiones anteriores, permite a atacantes remotos ejecutar comandos SQL arbitrarios a través del parámetro username en login.xml.','PARTIAL'),('CVE-2015-7267','NONE',1.9,'LOW','PARTIAL','Las unidades de estado sólido Samsung 850 Pro y PM851 y las unidades de disco duro Seagate ST500LT015 y ST500LT025, cuando están en modo de espera y operando en modo Opal o eDrive en portátiles Lenovo ThinkPad T440s con BIOS 2.32; portátiles ThinkPad W541 con BIOS 2.21; portátiles Dell Latitude E6410 con BIOS A16; o portátiles Latitude E6430 con BIOS A16, permiten que atacantes cercanos físicamente omitan la protección Self-Encrypting Drive (SED) aprovechando el fracaso a la hora de detectar cuándo están desconectados los discos SATA en modo de espera. Esto también se conoce como \"Hot Plug attack\".','NONE'),('CVE-2015-7268','NONE',1.9,'LOW','PARTIAL','Las unidades de estado sólido Samsung 850 Pro y PM851 y las unidades de disco duro Seagate ST500LT015 y ST500LT025, cuando se utilizan en Windows y operan en modo Opal en portátiles Lenovo ThinkPad T440s con BIOS 2.32 o portátiles ThinkPad W541 con BIOS 2.21; o en modo Opal o eDrive en portátiles Dell Latitude E6410 con BIOS A16; o portátiles Latitude E6430 con BIOS A16, permiten que atacantes físicamente cercanos omitan la protección Self-Encrypting Drive (SED) desencadenando un restablecimiento parcial y arrancando desde un sistema operativo alternativo. Esto también se conoce como \"Forced Restart Attack\".','NONE'),('CVE-2016-0863','PARTIAL',6.8,'MEDIUM','PARTIAL','Vulnerabilidad de CSRF en Tollgrade SmartGrid LightHouse Sensor Management System (SMS) Software EMS en versiones anteriores a 5.1 y 4.1.0 Build 16, permite a atacantes remotos secuestrar la autenticación de usuarios arbitrarios.','PARTIAL'),('CVE-2016-0864','NONE',5,'MEDIUM','PARTIAL','Tollgrade SmartGrid LightHouse Sensor Management System (SMS) Software EMS en versiones anteriores a 5.1 y 4.1.0 Build 16, permite a atacantes remotos obtener información sensible de informe y nombre de usuario a través de vectores no especificados.','NONE'),('CVE-2016-0865','COMPLETE',9,'HIGH','COMPLETE','Tollgrade SmartGrid LightHouse Sensor Management System (SMS) Software EMS en versiones anteriores a 5.1 y 4.1.0 Build 16, permite a usuarios remotos autenticados cambiar contraseñas arbitrarias a través de vectores no especificados.','COMPLETE'),('CVE-2016-0866','NONE',4.3,'MEDIUM','NONE','Vulnerabilidad de XSS en Tollgrade SmartGrid LightHouse Sensor Management System (SMS) Software EMS en versiones anteriores a 5.1 y 4.1.0 Build 16, permite a atacantes remotos inyectar secuencias de comandos web o HTML arbitrarios a través de vectores no especificados.','PARTIAL'),('CVE-2016-10702','NONE',5.8,'MEDIUM','PARTIAL','Los dispositivos Pebble Smartwatch hasta la versión 4.3 gestionan el almacenamiento UUID de manera incorrecta. Esto permite que atacantes lean el almacenamiento flash de una aplicación arbitraria y accedan a la instancia JavaScript de una aplicación arbitraria modificando un valor UUID en la cabecera de un binario de aplicación manipulado.','PARTIAL'),('CVE-2016-3968','NONE',4.3,'MEDIUM','NONE','Múltiples vulnerabilidades de XSS en dispositivos Sophos Cyberoam CR100iNG UTM con firmware 10.6.3 MR-1 build 503, dispositivos CR35iNG UTM con firmware 10.6.2 MR-1 build 383 y dispositivos CR35iNG UTM con firmware 10.6.2 Build 378 permiten a atacantes remotos inyectar secuencias de comandos web o HTML arbitrarios a través del parámetro (1) ipFamily en corporate/webpages/trafficdiscovery/LiveConnections.jsp; el parámetro (2) ipFamily, (3) applicationname o (4) username en corporate/webpages/trafficdiscovery/LiveConnectionDetail.jsp; o (5) la cabecera X-Forwarded-For HTTP.','PARTIAL'),('CVE-2016-7786','COMPLETE',9,'HIGH','COMPLETE','Sophos Cyberoam UTM CR25iNG 10.6.3 El MR-5 permite a usuarios autenticados remotos pasar por alto las restricciones de acceso deseadas a través de la referencia de objeto directo, como lo demuestra una solicitud de Licenseinformation.jsp. Esto se fija en 10.6.5.','COMPLETE'),('CVE-2016-9834','NONE',4.3,'MEDIUM','NONE','Una vulnerabilidad de tipo XSS, permite a los atacantes remotos ejecutar script arbitrario del lado del cliente en instalaciones vulnerables de dispositivos de firewall de Sophos Cyberoam firmware hasta la versión 10.6.4. La interacción del usuario es requerida para explotar esta vulnerabilidad, ya que la victima debe visitar una página maliciosa o abrir un archivo malicioso. El fallo específico se presenta en el manejo de una petición a la aplicación \"LiveConnectionDetail.jsp\". Los parámetros GET \"applicationname\" y \"username\" están apropiadamente saneados, permitiendo a un atacante inyectar JavaScript arbitrario en la página. Un atacante puede violar esto para realizar un ataque de tipo cross-site scripting en el usuario. Un URI vulnerable es /corporate/webpages/trafficdiscovery/LiveConnectionDetail.jsp.','PARTIAL'),('CVE-2017-17010','PARTIAL',6.8,'MEDIUM','PARTIAL','Una vulnerabilidad de ruta de búsqueda no fiable en Content Manager Assistant para PlayStation en sus versiones 3.55.7671.0901 y anteriores permite que un atacante consiga privilegios utilizando un archivo DLL troyano en un directorio no especificado.','PARTIAL'),('CVE-2017-18681','COMPLETE',10,'HIGH','COMPLETE','Se detectó un problema en dispositivos móviles Samsung Galaxy S5 con versión de software hasta el 20-12-2016 (chipsets Qualcomm AP). Se presentan múltiples desbordamientos de búfer en el cargador de arranque. El ID de Samsung es SVE-2016-7930 (Marzo de 2017).','COMPLETE'),('CVE-2017-2741','COMPLETE',10,'HIGH','COMPLETE','Se ha identificado una potencial vulnerabilidad de seguridad en HP PageWide Printers y HP OfficeJet Pro Printers, con firmware en versiones anteriores a 1708D. Esta vulnerabilidad podría ser explotada para ejecutar código arbitrario.','COMPLETE'),('CVE-2017-5173','COMPLETE',10,'HIGH','COMPLETE','Se detectó un problema de Neutralización Inapropiada de Elementos Especiales (en un comando del sistema operativo) en Camera IP G-Cam/EFD-2250 versión 1.11.0.12 de Geutebruck . Se ha identificado una neutralización inapropiada de la vulnerabilidad de elementos especiales. Si los elementos especiales no son neutralizados apropiadamente, un atacante puede llamar a múltiples parámetros que pueden permitir el acceso al sistema operativo de nivel root, lo que permitiría la ejecución de código remota.','COMPLETE'),('CVE-2017-5174','PARTIAL',7.5,'HIGH','PARTIAL','Se detectó un problema de Omisión de Autenticación en la cámara IP G-Cam/EFD-2250 versión 1.11.0.12 de Geutebruck. Se ha identificado una vulnerabilidad de omisión de autenticación. La arquitectura del sistema de archivos existente podría permitir a los atacantes omitir el control de acceso que puede permitir la ejecución de código remota.','PARTIAL'),('CVE-2018-10987','COMPLETE',8.5,'HIGH','COMPLETE','Se ha descubierto un problema en dispositivos Dongguan Diqee Diqee360. La aspiradora afectada sufre de una vulnerabilidad de ejecución remota de código autenticada. Un atacante autenticado puede enviar un paquete UDP especialmente manipulado y ejecutar comandos en la aspiradora como root. El error está en la función REQUEST_SET_WIFIPASSWD (comando UDP 153). Un paquete UDP manipulado ejecuta \"/mnt/skyeye/mode_switch.sh %s\" mientras un atacante controla la variable %s. En algunas situaciones, la autenticación puede lograrse mediante la contraseña por defecto 888888 para la cuenta de administrador.','COMPLETE'),('CVE-2018-11315','NONE',3.3,'LOW','NONE','La API HTTP local en productos Radio Thermostat CT50 y CT80, en versiones 1.04.84 y anteriores, permite el acceso no autorizado mediante un ataque de reenlace DNS. Esto puede resultar en el control remoto de la temperatura del dispositivo, tal y como queda demostrado con una petición tstat t_heat que accede al dispositivo comprado en primavera de 2018 y establece la temperatura objetivo de un hogar en 95 grados Fahrenheit. Esta vulnerabilidad podría describirse como un añadido de CVE-2013-4860.','PARTIAL'),('CVE-2018-12455','COMPLETE',9.3,'HIGH','COMPLETE','Los dispositivos de repetidores inalámbricos Intelbras NPLUG 1.0.0.14 tienen una vulnerabilidad crítica que permite que un atacante se autentique en la interfaz web solo empleando \"admin:\" como nombre de la cookie.','COMPLETE'),('CVE-2018-12456','PARTIAL',6.8,'MEDIUM','PARTIAL','Los dispositivos de repetidores inalámbricos Intelbras NPLUG 1.0.0.14 no tienen protección de tokens Cross-Site Request Forgery (CSRF) en la interfaz web, lo que permite que los atacantes realicen acciones como el cambio del SSID inalámbrico, reiniciar el dispositivo, editar listas de control de acceso o activar el acceso remoto.','PARTIAL'),('CVE-2018-12716','NONE',3.3,'LOW','PARTIAL','El servicio API en dispositivos Google Home y Chromecast anteriores a mediados de julio de 2018 no evita ataques de reenlace DNS al leer los datos JSON scan_results. Esto permite que atacantes remotos determinen la ubicación física de la mayor parte de navegadores web aprovechando la presencia de uno de estos dispositivos en su red local, extrayendo los campos bssid scan_results y enviándolos en una petición geolocation/v1/geolocate de la API Geolocation de Google Maps.','NONE'),('CVE-2018-17337','NONE',4.3,'MEDIUM','NONE','Los dispositivos Intelbras NPLUG 1.0.0.14 tienen Cross-Site Scripting (XSS) mediante un SSID manipulado que se recibe por medio de una transmisión de red.','PARTIAL'),('CVE-2018-19588','COMPLETE',9,'HIGH','COMPLETE','Los dispositivos ADC-V522IR versión 0100b9 de Alarm.com, presentan un Control de Acceso Incorrecto.','COMPLETE'),('CVE-2018-7512','NONE',4.3,'MEDIUM','NONE','Se ha identificado una vulnerabilidad Cross-Site Scripting (XSS) en las cámaras IP Geutebruck G-Cam/EFD-2250 1.12.0.4 y Topline TopFD-2125 3.15.1, que podrían permitir la ejecución remota de código.','PARTIAL'),('CVE-2018-7516','PARTIAL',7.5,'HIGH','PARTIAL','Se ha identificado una vulnerabilidad Server-Side Request Forgery (SSRF) en las cámaras IP Geutebruck G-Cam/EFD-2250 1.12.0.4 y Topline TopFD-2125 3.15.1, que podrían conducir a escaneos de redes en proxy.','PARTIAL'),('CVE-2018-7520','NONE',5,'MEDIUM','PARTIAL','Se ha identificado una vulnerabilidad de control de acceso incorrecto en las cámaras IP Geutebruck G-Cam/EFD-2250 1.12.0.4 y Topline TopFD-2125 3.15.1, que podrían permitir la descarga de una configuración completa, incluyendo las contraseñas.','NONE'),('CVE-2018-7524','PARTIAL',6.8,'MEDIUM','PARTIAL','Se ha identificado una vulnerabilidad Cross-Site Request Forgery (CSRF) en las cámaras IP Geutebruck G-Cam/EFD-2250 1.12.0.4 y Topline TopFD-2125 3.15.1, que podrían permitir que se añada un usuario no autorizado al sistema.','PARTIAL'),('CVE-2018-7528','NONE',6.4,'MEDIUM','PARTIAL','Se ha identificado una vulnerabilidad de inyección SQL en las cámaras IP Geutebruck G-Cam/EFD-2250 1.12.0.4 y Topline TopFD-2125 3.15.1, que podría permitir que un atacante altere datos almacenados.','PARTIAL'),('CVE-2018-7532','PARTIAL',7.5,'HIGH','PARTIAL','Se han identificado vulnerabilidades de falta de desautenticación en las cámaras IP Geutebruck G-Cam/EFD-2250 1.12.0.4 y Topline TopFD-2125 3.15.1, que podrían permitir la ejecución remota de código.','PARTIAL'),('CVE-2018-7956','NONE',5,'MEDIUM','PARTIAL','Huawei VIP App es una aplicación móvil para los clientes de Malasia que adquirieron los modelos P20 Series, Nova 3/3i y Mate 20. Hay una vulnerabilidad en las versiones anteriores a la 4.0.5 que permite que los atacantes lleven a cabo ataques de fuerza bruta contra VIP App Web Services para obtener información de usuario.','NONE'),('CVE-2019-11561','PARTIAL',4.3,'MEDIUM','NONE','La línea de productos de Chuango 433 MHz burglar-alarm es vulnerable a un ataque de Denegación de Servicio (DoS). Cuando se desencadena la condición, la estación base OV2 no puede procesar los estados del sensor y evita efectivamente que la alarma se active, como lo demuestran los productos de la marca Chuango y los productos que no son de la marca Chuango, como el Sistema de Alarma Wifi Eminent EM8617 OV2.','NONE'),('CVE-2019-12820','NONE',4.3,'MEDIUM','PARTIAL','Se encontró una vulnerabilidad en la aplicación versión 2.0 del limpiador de vacío robot Jisiwei i3 de Shenzhen. Las acciones ejecutadas en la aplicación, tales como cambiar una contraseña e información personal que se comunica con el servidor, utilizan HTTP sin cifrar. Como ejemplo, al iniciar sesión por medio de la aplicación en una cuenta de Jisiwei, la petición de inicio de sesión se envía en texto sin cifrar. La vulnerabilidad se presenta tanto en la versión de Android como en la de iOS de la aplicación. Un atacante podría explotar esto utilizando un ataque de tipo MiTM en la red local para obtener las credenciales de inicio de sesión de alguien, lo que les da acceso total al limpiador de vacío robot.','NONE'),('CVE-2019-12821','PARTIAL',5.8,'MEDIUM','NONE','Se detectó una vulnerabilidad en la aplicación versión 2.0 del limpiador de vacío robot Jisiwei i3 de Shenzhen, mientras se agrega un dispositivo a la cuenta mediante un código QR. El código QR sigue un patrón fácilmente predecible que depende solo del ID del dispositivo específico del limpiador de vacío robot. Generando un código QR que contiene información sobre el ID del dispositivo, es posible conectar un dispositivo arbitrario y conseguir acceso completo a él. El ID del dispositivo tiene una subcadena inicial \"JSW\" seguida de un número de seis dígitos que depende del dispositivo específico.','PARTIAL'),('CVE-2019-13549','NONE',5,'MEDIUM','NONE','El Interfaz web Rittal Chiller SK 3232-Series según el firmware Carel pCOWeb A1.5.3 - B1.2.4. El mecanismo de autenticación en los sistemas afectados no proporciona un nivel suficiente de protección contra cambios de configuración no autorizados. Las operaciones primarias, a saber, encender y apagar la unidad de enfriamiento y establecer el punto de ajuste de temperatura, se pueden modificar sin autenticación.','PARTIAL'),('CVE-2019-13553','COMPLETE',10,'HIGH','COMPLETE','Interfaz web Rittal Chiller SK 3232-Series según el firmware Carel pCOWeb A1.5.3 - B1.2.4. El mecanismo de autenticación en los sistemas afectados se configura mediante credenciales codificadas. Estas credenciales podrían permitir a los atacantes influir en las operaciones primarias de los sistemas afectados, es decir, encender y apagar la unidad de enfriamiento y establecer el punto de ajuste de temperatura.','COMPLETE'),('CVE-2019-14261','NONE',5,'MEDIUM','NONE','Se ha descubierto un fallo en los dispositivos ABUS Secvest FUAA50000 versión 3.01.01. Debido a una implementación insuficiente de la detección de interferencias, un atacante puede suprimir correctamente los mensajes de RF recibidos enviados entre componentes periféricos inalámbricos, por ejemplo, detectores inalámbricos o controles remotos, y la central de alarmas ABUS Secvest. Un atacante puede realizar un ataque de \"interferencia reactiva\". El bloqueo reactivo simplemente detecta el inicio de un mensaje de RF enviado por un componente del sistema de alarma inalámbrico ABUS Secvest, por ejemplo, un detector de movimiento inalámbrico (FUBW50000) o un control remoto (FUBE50014 o FUBE50015), y lo superpone con datos aleatorios antes del finaliza el mensaje RF original. De este modo, el receptor (central de alarma) no puede decodificar adecuadamente la señal transmitida original. Esto permite que un atacante suprima mensajes RF recibidos correctamente del sistema de alarma inalámbrico de una manera no autorizada, por ejemplo, mensajes de estado enviados por un detector que indica una intrusión.','PARTIAL'),('CVE-2019-15027','COMPLETE',10,'HIGH','COMPLETE','El subsistema MediaTek Embedded Multimedia Card (eMMC) para Android sobre dispositivos SoC MT65xx, MT66xx y MT8163, permite a atacantes ejecutar comandos arbitrarios como root por medio de metacaracteres de shell en un nombre de archivo bajo /data, porque la función clear_emmc_nomedia_entry en el archivo plataforma/mt6577/external/meta/emmc/meta_clr_emmc.c invoca \"system(\"/system/bin/rm -r /data/\" seguido de este nombre de archivo luego de una autorización de eMMC de un arranque en Modo Meta. NOTA: el compromiso del Fire OS en Amazon Echo Dot requeriría una segunda vulnerabilidad hipotética que permite la creación del archivo requerido bajo /data.','COMPLETE'),('CVE-2019-15469','NONE',2.1,'LOW','PARTIAL','El dispositivo Xiaomi Mi Pad 4 Android con una huella digital de compilación de Xiaomi/clover/clover:8.1.0/OPM1.171019.019/V9.6.26.0.ODJCNFD:user/release-keys, contiene una aplicación preinstalada con un nombre de paquete de aplicación com.qualcomm.qti.callenhancement (versionCode=27, versionName=8.1.0), que permite a otras aplicaciones preinstaladas realizar una grabación de audio del micrófono por medio de un componente de aplicación accesible. Esta capacidad puede ser accedida mediante cualquier aplicación preinstalada en el dispositivo que pueda obtener permisos signatureOrSystem que son requeridos mediante otras aplicaciones preinstaladas que exportaron sus capacidades hacia otra aplicación preinstalada. Esta aplicación permite a una aplicación de terceros utilizar su interfaz abierta para grabar llamadas telefónicas en un almacenamiento externo.','NONE'),('CVE-2019-16240','PARTIAL',5.8,'MEDIUM','PARTIAL','Se presenta un problema de desbordamiento del búfer y de divulgación de información en HP OfficeJet Pro Printers versiones anteriores a 001.1937C, y HP PageWide Managed Printers y HP PageWide Pro Printers versiones anteriores a 001.1937D; Un archivo de impresión diseñado de forma maliciosa podría causar la afirmación de determinadas impresoras HP Inkjet. En determinadas circunstancias, la impresora produce un volcado del núcleo a un dispositivo local','NONE'),('CVE-2019-17059','COMPLETE',10,'HIGH','COMPLETE','Una vulnerabilidad de inyección de shell en el dispositivo de firewall Sophos Cyberoam con CyberoamOS versiones anteriores a 10.6.6 MR-6, permite a atacantes remotos ejecutar comandos arbitrarios por medio de las consolas de Web Admin y SSL VPN.','COMPLETE'),('CVE-2019-18980','NONE',5,'MEDIUM','NONE','En los dispositivos Signify Philips Taolight Smart Wi-Fi Wiz Connected LED Bulb versión 9290022656, una API desprotegida permite a usuarios remotos controlar el funcionamiento de la bombilla. Cualquiera puede encender o apagar la bombilla, o cambiar su color o brillo remotamente. No existe autenticación o cifrado para usar la API de control. El único requisito es que el atacante tenga acceso de red a la bombilla.','PARTIAL'),('CVE-2019-19514','NONE',3.5,'LOW','NONE','Los dispositivos Ayision Ays-WR01 versión v28K.RPT.20161224, permiten un ataque de tipo XSS almacenado en configuraciones de repetidor básicas por medio de un SSID.','PARTIAL'),('CVE-2019-19515','NONE',4.3,'MEDIUM','NONE','Los dispositivos Ayision Ays-WR01 versión v28K.RPT.20161224, permiten un ataque de tipo XSS almacenado en configuraciones inalámbricas.','PARTIAL'),('CVE-2019-25071','COMPLETE',9.3,'HIGH','COMPLETE','Se ha encontrado una vulnerabilidad en el iPhone de Apple hasta la versión 12.4.1. Ha sido declarada como crítica. Esta vulnerabilidad afecta a Siri. La reproducción de un archivo de audio o vídeo podría iniciar Siri en el mismo dispositivo, lo que permite ejecutar comandos de forma remota. Los detalles del exploit han sido revelados al público. Apple duda de la existencia e implicaciones de esta vulnerabilidad, aunque existen múltiples vídeos públicos que demuestran el ataque. La actualización a la versión 13.0 podría solucionar este problema. Se recomienda actualizar los dispositivos afectados. NOTA: Apple afirma que, tras examinar el informe, no ve ninguna implicación real para la seguridad','COMPLETE'),('CVE-2019-5221','NONE',3.3,'LOW','NONE','Hay una vulnerabilidad de salto de ruta en la función Huawei Share. El software no comprueba apropiadamente la ruta, un atacante podría crear una ruta (path) de archivo al transportar un archivo por medio de Huawei Share, una explotación con éxito podría permitirle transportar un archivo a una ruta arbitraria en el teléfono. Productos afectados: Mate 20 X versiones anteriores a Ever-L29B 9.1.0.300(C432E3R1P12), versiones anteriores a Ever-L29B 9.1.0.300(C636E3R2P1) y versiones anteriores a Ever-L29B 9.1.0.300(C185E3R3P1).','PARTIAL'),('CVE-2019-5302','PARTIAL',2.9,'LOW','NONE','Hay dos vulnerabilidades de denegación de servicio en algunos teléfonos inteligentes Huawei. Un atacante puede enviar mensajes TD-SCDMA especialmente diseñados desde una estación base no autorizada a los dispositivos afectados. Debido a una comprobación insuficiente de entrada de dos valores al analizar los mensajes, una explotación con éxito puede causar un dispositivo anormal. Esta es 1 de 2 vulnerabilidades. Diferente a CVE-2020-5303. Los productos afectados  y sus son: ALP-AL00B: anteriores a 9.1.0.333(C00E333R2P1T8) ALP-L09: anteriores a 9.1.0.300(C432E4R1P9T8) ALP-L29: anteriores a 9.1.0.315(C636E5R1P13T8) BLA-L29C: anteriores a 9.1.0.321(C636E4R1P14T8), anteriores a 9.1.0.330(C432E6R1P12T8), anteriores a 9.1.0.302(C635E4R1P13T8) Berkeley-AL20: anteriores a 9.1.0.333(C00E333R2P1T8) Berkeley-L09: anteriores a 9.1.0.350(C10E3R1P14T8), anteriores a 9.1.0.351(C432E5R1P13T8), anteriores a 9.1.0.350(C636E4R1P13T8) Charlotte-L09C: anteriores a 9.1.0.311(C185E4R1P11T8), anteriores a 9.1.0.345(C432E8R1P11T8) Charlotte-L29C: anteriores a 9.1.0.325(C185E4R1P11T8), anteriores a 9.1.0.335(C636E3R1P13T8), anteriores a 9.1.0.345(C432E8R1P11T8), anteriores a 9.1.0.336(C605E3R1P12T8) Columbia-AL10B: anteriores a 9.1.0.333(C00E333R1P1T8) Columbia-L29D: anteriores a 9.1.0.350(C461E3R1P11T8), anteriores a 9.1.0.350(C185E3R1P12T8), anteriores a 9.1.0.350(C10E5R1P14T8), anteriores a 9.1.0.351(C432E5R1P13T8) Cornell-AL00A: anteriores a 9.1.0.333(C00E333R1P1T8) Cornell-L29A: anteriores a 9.1.0.328(C185E1R1P9T8), anteriores a 9.1.0.328(C432E1R1P9T8), anteriores a 9.1.0.330(C461E1R1P9T8), anteriores a 9.1.0.328(C636E2R1P12T8) Emily-L09C: anteriores a 9.1.0.336(C605E4R1P12T8), anteriores a 9.1.0.311(C185E2R1P12T8), anteriores a 9.1.0.345(C432E10R1P12T8) Emily-L29C: anteriores a 9.1.0.311(C605E2R1P12T8), anteriores a 9.1.0.311(C636E7R1P13T8), anteriores a 9.1.0.311(C432E7R1P11T8) Ever-L29B: anteriores a 9.1.0.311(C185E3R3P1), anteriores a 9.1.0.310(C636E3R2P1), anteriores a 9.1.0.310(C432E3R1P12) HUAWEI Mate 20: anteriores a 9.1.0.131(C00E131R3P1) HUAWEI Mate 20 Pro: anteriores a 9.1.0.310(C185E10R2P1) HUAWEI Mate 20 RS: anteriores a 9.1.0.135(C786E133R3P1) HUAWEI Mate 20 X: anteriores a 9.1.0.135(C00E133R2P1) HUAWEI P20: anteriores a 9.1.0.333(C00E333R1P1T8) HUAWEI P20 Pro: anteriores a 9.1.0.333(C00E333R1P1T8) HUAWEI P30: anteriores a 9.1.0.193 HUAWEI P30 Pro: anteriores a 9.1.0.186(C00E180R2P1) HUAWEI Y9 2019: anteriores a 9.1.0.220(C605E3R1P1T8) HUAWEI nova lite 3: anteriores a 9.1.0.305(C635E8R2P2) Honor 10 Lite: anteriores a 9.1.0.283(C605E8R2P2) Honor 8X: anteriores a 9.1.0.221(C461E2R1P1T8) Honor View 20: anteriores a 9.1.0.238(C432E1R3P1) Jackman-L22: anteriores a 9.1.0.247(C636E2R4P1T8) Paris-L21B: anteriores a 9.1.0.331(C432E1R1P2T8) Paris-L21MEB: anteriores a 9.1.0.331(C185E4R1P3T8) Paris-L29B: anteriores a 9.1.0.331(C636E1R1P3T8) Sydney-AL00: anteriores a 9.1.0.212(C00E62R1P7T8) Sydney-L21: anteriores a 9.1.0.215(C432E1R1P1T8), anteriores a 9.1.0.213(C185E1R1P1T8) Sydney-L21BR: anteriores a 9.1.0.213(C185E1R1P2T8) Sydney-L22: anteriores a 9.1.0.258(C636E1R1P1T8) Sydney-L22BR: anteriores a 9.1.0.258(C636E1R1P1T8) SydneyM-AL00: anteriores a 9.1.0.228(C00E78R1P7T8) SydneyM-L01: anteriores a 9.1.0.215(C782E2R1P1T8), anteriores a 9.1.0.213(C185E1R1P1T8), anteriores a 9.1.0.270(C432E3R1P1T8) SydneyM-L03: anteriores a 9.1.0.217(C605E1R1P1T8) SydneyM-L21: anteriores a 9.1.0.221(C461E1R1P1T8), anteriores a 9.1.0.215(C432E4R1P1T8) SydneyM-L22: anteriores a 9.1.0.259(C185E1R1P2T8), anteriores a 9.1.0.220(C635E1R1P2T8), anteriores a 9.1.0.216(C569E1R1P1T8) SydneyM-L23: anteriores a 9.1.0.226(C605E2R1P1T8) Yale-L21A: anteriores a 9.1.0.154(C432E2R3P2), anteriores a 9.1.0.154(C461E2R2P1), anteriores a 9.1.0.154(C636E2R2P1) Honor 20: anteriores a 9.1.0.152(C00E150R5P1) Honor Magic2: anteriores a 10.0.0.187 Honor V20: anteriores a 9.1.0.234(C00E234R4P3)','NONE'),('CVE-2019-5303','PARTIAL',2.9,'LOW','NONE','Hay dos vulnerabilidades de denegación de servicio en algunos teléfonos inteligentes Huawei. Un atacante puede enviar mensajes TD-SCDMA especialmente diseñados desde una estación base no autorizada hacia los dispositivos afectados. Debido a la comprobación insuficiente de la entrada de dos valores al analizar los mensajes, una explotación con éxito puede causar un dispositivo anormal. Esta es la 2 de 2 vulnerabilidades. Diferente de CVE-2020-5302. Los productos afectados  y sus son: ALP-AL00B: anteriores a 9.1.0.333(C00E333R2P1T8) ALP-L09: anteriores a 9.1.0.300(C432E4R1P9T8) ALP-L29: anteriores a 9.1.0.315(C636E5R1P13T8) BLA-L29C: anteriores a 9.1.0.321(C636E4R1P14T8), anteriores a 9.1.0.330(C432E6R1P12T8), anteriores a 9.1.0.302(C635E4R1P13T8) Berkeley-AL20: anteriores a 9.1.0.333(C00E333R2P1T8) Berkeley-L09: anteriores a 9.1.0.350(C10E3R1P14T8), anteriores a 9.1.0.351(C432E5R1P13T8), anteriores a 9.1.0.350(C636E4R1P13T8) Charlotte-L09C: anteriores a 9.1.0.311(C185E4R1P11T8), anteriores a 9.1.0.345(C432E8R1P11T8) Charlotte-L29C: anteriores a 9.1.0.325(C185E4R1P11T8), anteriores a 9.1.0.335(C636E3R1P13T8), anteriores a 9.1.0.345(C432E8R1P11T8), anteriores a 9.1.0.336(C605E3R1P12T8) Columbia-AL10B: anteriores a 9.1.0.333(C00E333R1P1T8) Columbia-L29D: anteriores a 9.1.0.350(C461E3R1P11T8), anteriores a 9.1.0.350(C185E3R1P12T8), anteriores a 9.1.0.350(C10E5R1P14T8), anteriores a 9.1.0.351(C432E5R1P13T8) Cornell-AL00A: anteriores a 9.1.0.333(C00E333R1P1T8) Cornell-L29A: anteriores a 9.1.0.328(C185E1R1P9T8), anteriores a 9.1.0.328(C432E1R1P9T8), anteriores a 9.1.0.330(C461E1R1P9T8), anteriores a 9.1.0.328(C636E2R1P12T8) Emily-L09C: anteriores a 9.1.0.336(C605E4R1P12T8), anteriores a 9.1.0.311(C185E2R1P12T8), anteriores a 9.1.0.345(C432E10R1P12T8) Emily-L29C: anteriores a 9.1.0.311(C605E2R1P12T8), anteriores a 9.1.0.311(C636E7R1P13T8), anteriores a 9.1.0.311(C432E7R1P11T8) Ever-L29B: anteriores a 9.1.0.311(C185E3R3P1), anteriores a 9.1.0.310(C636E3R2P1), anteriores a 9.1.0.310(C432E3R1P12) HUAWEI Mate 20: anteriores a 9.1.0.131(C00E131R3P1) HUAWEI Mate 20 Pro: anteriores a 9.1.0.310(C185E10R2P1) HUAWEI Mate 20 RS: anteriores a 9.1.0.135(C786E133R3P1) HUAWEI Mate 20 X: anteriores a 9.1.0.135(C00E133R2P1) HUAWEI P20: anteriores a 9.1.0.333(C00E333R1P1T8) HUAWEI P20 Pro: anteriores a 9.1.0.333(C00E333R1P1T8) HUAWEI P30: anteriores a 9.1.0.193 HUAWEI P30 Pro: anteriores a 9.1.0.186(C00E180R2P1) HUAWEI Y9 2019: anteriores a 9.1.0.220(C605E3R1P1T8) HUAWEI nova lite 3: anteriores a 9.1.0.305(C635E8R2P2) Honor 10 Lite: anteriores a 9.1.0.283(C605E8R2P2) Honor 8X: anteriores a 9.1.0.221(C461E2R1P1T8) Honor View 20: anteriores a 9.1.0.238(C432E1R3P1) Jackman-L22: anteriores a 9.1.0.247(C636E2R4P1T8) Paris-L21B: anteriores a 9.1.0.331(C432E1R1P2T8) Paris-L21MEB: anteriores a 9.1.0.331(C185E4R1P3T8) Paris-L29B: anteriores a 9.1.0.331(C636E1R1P3T8) Sydney-AL00: anteriores a 9.1.0.212(C00E62R1P7T8) Sydney-L21: anteriores a 9.1.0.215(C432E1R1P1T8), anteriores a 9.1.0.213(C185E1R1P1T8) Sydney-L21BR: anteriores a 9.1.0.213(C185E1R1P2T8) Sydney-L22: anteriores a 9.1.0.258(C636E1R1P1T8) Sydney-L22BR: anteriores a 9.1.0.258(C636E1R1P1T8) SydneyM-AL00: anteriores a 9.1.0.228(C00E78R1P7T8) SydneyM-L01: anteriores a 9.1.0.215(C782E2R1P1T8), anteriores a 9.1.0.213(C185E1R1P1T8), anteriores a 9.1.0.270(C432E3R1P1T8) SydneyM-L03: anteriores a 9.1.0.217(C605E1R1P1T8) SydneyM-L21: anteriores a 9.1.0.221(C461E1R1P1T8), anteriores a 9.1.0.215(C432E4R1P1T8) SydneyM-L22: anteriores a 9.1.0.259(C185E1R1P2T8), anteriores a 9.1.0.220(C635E1R1P2T8), anteriores a 9.1.0.216(C569E1R1P1T8) SydneyM-L23: anteriores a 9.1.0.226(C605E2R1P1T8) Yale-L21A: anteriores a 9.1.0.154(C432E2R3P2), anteriores a 9.1.0.154(C461E2R2P1), anteriores a 9.1.0.154(C636E2R2P1) Honor 20: anteriores a 9.1.0.152(C00E150R5P1) Honor Magic2: anteriores a 10.0.0.187 Honor V20: anteriores a 9.1.0.234(C00E234R4P3)','NONE'),('CVE-2019-6332','NONE',3.5,'LOW','NONE','Se ha identificado una potencial vulnerabilidad de seguridad con determinadas impresoras HP InkJet. La vulnerabilidad podría ser explotada para permitir un ataque de tipo cross-site scripting (XSS). Los productos y versiones afectadas incluyen: HP DeskJet 2600 All-in-One Printer series números de modelo 4UJ28B, V1N01A - V1N08A, Y5H60A - Y5H80A; HP DeskJet Ink Advantage 2600 All-in-One Printer series números de modelo V1N02A - V1N02B, Y5Z00A - Y5Z04B; HP DeskJet Ink Advantage 5000 All-in-One Printer series números de modelo M2U86A - M2U89B; HP DeskJet Ink Advantage 5200 All-in-One Printer series números de modelo M2U76A - M2U78B; HP ENVY 5000 All-in-One Printer series números de modelo M2U85A - M2U85B, M2U91A - M2U94B, Z4A54A - Z4A74A; HP ENVY Photo 6200 All-in-One Printer series números de modelo K7G18A-K7G26B, K7S21B, Y0K13D - Y0K15A; HP ENVY Photo 7100 All-in-One Printer series números de modelo 3XD89A, K7G93A-K7G99A, Z3M37A - Z3M52A; HP ENVY Photo 7800 All-in-One Printer series números de modelo K7R96A, K7S00A - K7S10D, Y0G42D - Y0G52B; HP Ink Tank Wireless 410 series números de modelo Z4B53A - Z4B55A, Z6Z95A - Z6Z99A, 4DX94A - 4DX95A, 4YF79A, Z7A01A; HP OfficeJet 5200 All-in-One Printer series números de modelo M2U75A, M2U81A-M2U84B, Z4B12A - Z4B14A, Z4B27A - Z4B29A; HP Smart Tank Wireless 450 series números de modelo Z4B56A, Z6Z96A - Z6Z98A.','PARTIAL'),('CVE-2019-9657','PARTIAL',4.6,'MEDIUM','PARTIAL','Los dispositivos ADC-V522IR versión 0100b9 de Alarm.com, presentan un Control de Acceso Incorrecto, un problema diferente al CVE-2018-19588. Esto ocurre debido a la protección incorrecta de los certificados VPN (usadas para iniciar una sesión VPN en la infraestructura de Alarm.com) en el dispositivo de cámara local.','PARTIAL'),('CVE-2019-9659','PARTIAL',6.4,'MEDIUM','NONE','La línea de alarmas de antirrobo de 433 MHz de Chuango utiliza código estático en el control RF remoto, permitiendo a un atacante armar, desarmar, o desencadenar la alarma de manera remota mediante ataques de reproducción, tal y como queda demostrado con los productos Chuango patentados y sus demás productos como el sistema de alarmas por wifi EM8617 OV2.','PARTIAL'),('CVE-2019-9860','PARTIAL',5,'MEDIUM','NONE','Debido a la comunicación de señales no cifrada y a la predecibilidad de los códigos evolutivos, un atacante puede \"desincronizar\" un control remoto inalámbrico de ABUS Secvest (FUBE50014 o FUBE50015), relacionado con su sistema de alarma inalámbrica Secvest controlada FUAA50000 3.01.01, por lo que los comandos enviados por el control remoto ya no se aceptan.','NONE'),('CVE-2019-9861','NONE',4.8,'MEDIUM','PARTIAL','Producto del uso de una tecnología RFID no segura (MIFARE Classic), las claves de chip de proximidad ABUS (tokens RFID) del sistema de alarma inalambrico de ABUS Secvest FUAA50000 pueden clonarse fácilmente y utilizarse para desactivar el sistema de alarma de forma no autorizada.','PARTIAL'),('CVE-2019-9862','NONE',3.3,'LOW','PARTIAL','Se ha descubierto un problema en el sistema de alarma inalámbrica ABUS Secvest FUAA50000 3.01.01, junto con el control remoto Secvest FUBE50014 o FUBE50015. Debido a la falta de la \"transmisión de señal cifrada\", un atacante puede espiar datos sensibles en texto claro (por ejemplo, el estado actual del código evolutivo).','NONE'),('CVE-2019-9863','COMPLETE',10,'HIGH','COMPLETE','Debido al uso de un algoritmo inseguro para códigos evolutivos en el sistema de alarma inalámbrica ABUS Secvest FUAA50000 3.01.01 y sus controles remotos FUBE50014 y FUBE50015, un atacante puede predecir códigos evolutivos futuros y, así, controlar remotamente el sistema de alarma de forma no autorizada.','COMPLETE'),('CVE-2020-11158','COMPLETE',7.8,'HIGH','NONE','Una desreferencia del puntero null en el filtro jbig2 de HP OfficeJet Pro versión 8210, debido a una falta de comprobación de la matriz de fuentes PDF que conlleva a una denegación de servicio en los productos IPS PDF versiones anteriores a IPS System 2020.2','NONE'),('CVE-2020-1786','NONE',2.1,'LOW','NONE','Los teléfonos inteligentes HUAWEI Mate 20 Pro versiones anteriores a 10.0.0.175(C00E69R3P8), presentan una vulnerabilidad de autenticación inapropiada. El software no comprueba suficientemente el nombre del archivo apk en una condición especial la cual podría permitir a un atacante falsificar una aplicación diseñada como normal. Una explotación con éxito podría permitir al atacante omitir la función digital balance.','PARTIAL'),('CVE-2020-1787','COMPLETE',7.2,'HIGH','COMPLETE','Los teléfonos inteligentes HUAWEI Mate 20 versiones anteriores a 9.1.0.139(C00E133R3P1), presentan una vulnerabilidad de autenticación inapropiada. El sistema presenta un error lógico en ciertos escenarios, una explotación con éxito podría permitir al atacante que alcanza el privilegio de usuario invitado acceder al escritorio del usuario host en un instante, sin desbloquear el bloqueo de pantalla del usuario host.','COMPLETE'),('CVE-2020-1791','NONE',2.1,'LOW','NONE','Los teléfonos inteligentes HUAWEI Mate 20 con versiones anteriores a 10.0.0.185(C00E74R3P8), presentan una vulnerabilidad de autorización inapropiada. El sistema presenta un error de juicio lógico bajo determinado escenario, Una explotación con éxito podría permitir a un atacante cambiar al tercer escritorio después de una serie de operaciones en modo ADB.','PARTIAL'),('CVE-2020-1797','NONE',2.1,'LOW','NONE','Los teléfonos inteligentes HUAWEI Mate 20 con versiones anteriores a la 10.0.0.185(C00E74R3P8), presentan una vulnerabilidad de autorización inapropiada. El sistema no restringe apropiadamente el funcionamiento en el modo ADB, una explotación con éxito podría permitir a determinados usuarios romper el límite de la función digital balance.','PARTIAL'),('CVE-2020-1807','NONE',3.6,'LOW','PARTIAL','Los teléfonos inteligentes HUAWEI Mate 20 con versiones anteriores a  la versión 10.0.0.188(C00E74R3P8), presentan una vulnerabilidad de autorización inapropiada. El software no restringe apropiadamente la modificación por parte de determinados usuarios de ciertos archivos de configuración, una explotación con éxito podría permitir a un atacante omitir el bloqueo de la aplicación después de una serie de operaciones en modo ADB.','PARTIAL'),('CVE-2020-1831','NONE',1.9,'LOW','NONE','Los teléfonos inteligentes HUAWEI Mate 20 con versiones anteriores a la 10.0.0.195(SP31C00E74R3P8), presentan una vulnerabilidad de autorización inapropiada. La función digital balance no restringe suficientemente el tiempo de uso de determinados usuarios, una explotación con éxito podría permitir a un usuario romper el límite de la función digital balance después de una serie de operaciones con un PC.','PARTIAL'),('CVE-2020-1840','PARTIAL',3.6,'LOW','PARTIAL','Los teléfonos inteligentes HUAWEI Mate 20 con versiones anteriores a 10.0.0.175(C00E70R3P8), presentan una vulnerabilidad de autenticación insuficiente. Un atacante local con altos privilegios puede ejecutar un comando específico para explotar esta vulnerabilidad. Una explotación con éxito puede causar filtrado de información y comprometer la disponibilidad de los teléfonos inteligentes. Las versiones afectadas del producto incluyen: HUAWEI Mate 20 versiones anteriores a 10.0.0.175(C00E70R3P8)','NONE'),('CVE-2020-1882','NONE',2.1,'LOW','NONE','Los teléfonos móviles Huawei Ever-L29B versiones anteriores a 10.0.0.180(C185E6R3P3), anteriores a 10.0.0.180(C432E6R1P7), anteriores a 10.0.0.180(C636E5R2P3); HUAWEI Mate 20 RS versiones anteriores a 10.0.0.175(C786E70R3P8); HUAWEI Mate 20 X versiones anteriores a 10.0.0.176(C00E70R2P8); y Honor Magic2 versiones anteriores a 10.0.0.175(C00E59R2P11), presentan una vulnerabilidad de autorización inapropiada. Debido a una autorización inapropiada de alguna función, un atacante puede omitir la autorización para llevar a cabo algunas operaciones.','PARTIAL'),('CVE-2020-27403','NONE',3.3,'LOW','PARTIAL','Una vulnerabilidad en la serie TCL Android Smart TV V8-R851T02-LF1 versiones V295 y por debajo y V8-T658T01-LF1 versiones V373 y por debajo de TCL Technology Group Corporation, permite a un atacante en la red adyacente navegar y descargar arbitrariamente archivos confidenciales a través de un servidor web no seguro ejecutándose en el puerto 7989 que enumera todos los archivos y directorios.&#xa0;Un atacante remoto no privilegiado en la red adyacente puede descargar la mayoría de los archivos del sistema, conllevando a una divulgación de información crítica seria. Además, algunos modelos de televisión y/o versiones FW pueden exponer el servidor web con todo el sistema de archivos accesible en otro puerto. Por ejemplo, la exploración de nmap para todos los puertos ejecutados directamente desde el modelo de TV U43P6046 (Android 8.0) mostró el puerto 7983 no mencionado en la descripción original de CVE, pero que contenía el mismo listado de directorios de todo el sistema de archivos. Este servidor web está vinculado (al menos) a la interfaz del host local y es accesible libremente a todas las aplicaciones instaladas sin privilegios en el Android, como un navegador web normal. Por lo tanto, cualquier aplicación puede leer cualquier archivo de cualquier otra aplicación, incluyendo la configuración del sistema Android, incluyendo datos sensibles como contraseñas guardadas, claves privadas, etc.','NONE'),('CVE-2020-28055','COMPLETE',7.2,'HIGH','COMPLETE','Una vulnerabilidad en la serie TCL Android Smart TV V8-R851T02-LF1 versiones V295 y por debajo y V8-T658T01-LF1 versiones V373 y por debajo de TCL Technology Group Corporation, permite a un atacante local no privilegiado, tal y como una aplicación maliciosa, leer y escribir en /data/vendor/tcl, /data/vendor/upgrade y /var/TerminalManager dentro del sistema de archivos del TV.&#xa0;Un atacante, como un APK malicioso o un usuario local no privilegiado, podría llevar a cabo actualizaciones del sistema falsas al escribir en la carpeta /data/vendor/upgrade','COMPLETE'),('CVE-2020-28973','NONE',5,'MEDIUM','PARTIAL','El sistema de alarma inalámbrico ABUS Secvest FUAA50000 versión (v3.01.17) no autentica apropiadamente algunas peticiones en su interfaz HTTPS incorporada.&#xa0;Alguien puede usar esta vulnerabilidad para conseguir información confidencial del sistema, como nombres de usuario y contraseñas.&#xa0;Esta información puede ser usada para reconfigurar o deshabilitar el sistema de alarma','NONE'),('CVE-2020-35693','PARTIAL',5.4,'MEDIUM','PARTIAL','En algunos teléfonos y tabletas de Samsung que ejecutan Android versiones hasta 7.1.1, es posible que un dispositivo Bluetooth Low Energy (BLE) controlado por un atacante se empareje silenciosamente con un dispositivo objetivo vulnerable, sin ninguna interacción del usuario, cuando el Bluetooth del dispositivo objetivo es activado. y lo ejecuta una aplicación que ofrece un anuncio BLE conectable.&#xa0;Un ejemplo de una aplicación de este tipo podría ser una aplicación de rastreo de contactos basada en Bluetooth, como la aplicación COVIDSafe de Australia, la aplicación TraceTogether de Singapur o TousAntiCovid de Francia (anteriormente StopCovid).&#xa0;Como parte del proceso de emparejamiento, se intercambian dos piezas (entre otras) de información de identificación personal: la dirección de identidad del adaptador Bluetooth del dispositivo de destino y su clave de resolución de identidad (IRK) asociada.&#xa0;Cualquiera de estos identificadores se puede utilizar para llevar a cabo una reidentificación del dispositivo objetivo para un rastreo a largo plazo.&#xa0;La lista de dispositivos afectados incluye (pero no se limita a): Galaxy Note 5, Galaxy S6 Edge, Galaxy A3, Tab A (2017), J2 Pro (2018), Galaxy Note 4 y Galaxy S5','PARTIAL'),('CVE-2020-5348','COMPLETE',7.2,'HIGH','COMPLETE','Dell Latitude 7202 Rugged Tablet BIOS versiones anteriores a A28, contienen una vulnerabilidad de tipo UAF en EFI_BOOT_SERVICES en el modo de administración de sistema. Un atacante no autenticado local puede explotar esta vulnerabilidad al sobrescribir la estructura de EFI_BOOT_SERVICES para ejecutar código arbitrario en modo de administración de sistema.','COMPLETE'),('CVE-2020-5589','COMPLETE',8.3,'HIGH','COMPLETE','SONY Wireless Headphones WF-1000X, WF-SP700N, WH-1000XM2, WH-1000XM3, WH-CH700N, WH-H900N, WH-XB700, WH-XB900N, WI-1000X, WI-C600N y WI-SP600N con versiones de firmware anteriores a la 4.5.2 tienen la vulnerabilidad de que alguien dentro del rango del Bluetooth pueda hacer el emparejamiento Bluetooth y operar como cambiar el volumen del producto','COMPLETE'),('CVE-2020-9083','PARTIAL',2.1,'LOW','NONE','Los teléfonos inteligentes HUAWEI Mate 20 con versiones anteriores a 10.1.0.163(C00E160R3P8), presentan una vulnerabilidad de denegación de servicio (DoS).&#xa0;El atacante puede ingresar una gran cantidad de texto en el teléfono.&#xa0;Debido a una verificación insuficiente del parámetro, una explotación con éxito puede afectar el servicio','NONE'),('CVE-2020-9092','NONE',2.1,'LOW','NONE','HUAWEI Mate 20 versiones anteriores a 10.1.0.163(C00E160R3P8), presentan una vulnerabilidad de inyección de JavaScript.&#xa0;Un módulo no verifica una entrada específica.&#xa0;Esto podría permitir a atacantes omitir el mecanismo de filtro para iniciar la inyección de JavaScript.&#xa0;Esto podría comprometer el servicio normal del módulo afectado','PARTIAL'),('CVE-2020-9103','PARTIAL',2.1,'LOW','NONE','Los teléfonos inteligentes HUAWEI Mate 20 con versión 9.0.0.205(C00E205R2P1), presentan una vulnerabilidad de error lógico. En un escenario especial, el sistema no procesa apropiadamente. Como resultado, unos atacantes pueden llevar a cabo una serie de operaciones para establecer con éxito conexiones P2P que son rechazadas por el peer. Como resultado, la disponibilidad del dispositivo está afectada.','NONE'),('CVE-2020-9113','PARTIAL',5.4,'MEDIUM','PARTIAL','HUAWEI Mate 20 versiones anteriores 10.0.0.188(C00E74R3P8), presentan una vulnerabilidad de desbordamiento de búfer en el módulo Bluetooth.&#xa0;Debido a una comprobación insuficiente de entrada, un atacante no autenticado puede crear mensajes Bluetooth después de un emparejamiento con éxito, causando un desbordamiento del búfer.&#xa0;Una explotación con éxito puede causar una ejecución de código','PARTIAL'),('CVE-2020-9244','PARTIAL',4.6,'MEDIUM','PARTIAL','Versiones de HUAWEI Mate 20 Versiones anteriores a 10.1.0.160(C00E160R3P8); versiones de HUAWEI Mate 20 Pro Versiones anteriores a 10.1.0.270(C431E7R1P5), Versiones anteriores a 10.1.0.270(C635E3R1P5), Versiones anteriores a 10.1.0.273(C636E7R2WE); versiones de Mate 20 X Versiones anteriores a 10.1.0.160(C00E160R2P8); versiones de HUAWEI P30 Versiones anteriores a 10.1.0.160(C00E160R2P11); versiones de HUAWEI P30 Pro Versiones anteriores a 10.1.0.160(C00E160R2P8); versiones de HUAWEI Mate 20 RS Versiones anteriores a 10.1 .0.160(C786E160R3P8); versiones de HonorMagic2 Versiones anteriores a 10.0.0.187(C00E61R2P11); versiones de Honor20 Versiones anteriores a 10.0.0.175(C00E58R4P11); versiones de Honor20 PRO Versiones anteriores a 10.0.0.194(C00E62R8P12); versiones de HonorMagic2 10.0.0.187(C00E61R2P11); versiones de HonorV20 Versiones anteriores a 10.0.0.188(C00E62R2P11), presentan una vulnerabilidad de autenticación inapropiada. El sistema no firma adecuadamente determinado archivo cifrado, el atacante debe conseguir la clave usada para cifrar el archivo, una explotación con éxito podría causar que cierto archivo sea falsificado','PARTIAL'),('CVE-2020-9247','PARTIAL',6.8,'MEDIUM','PARTIAL','Se presenta una vulnerabilidad de desbordamiento del búfer en varios productos de Huawei. El sistema no valida suficientemente ciertos parámetros de configuración que son pasados desde usuario y que causarían un desbordamiento del búfer. El atacante debería engañar al usuario para que instale y ejecute una aplicación maliciosa con un alto privilegio; una explotación con éxito puede provocar una ejecución de código. Los productos afectados incluyen Huawei HONOR 20 PRO, Mate 20, Mate 20 Pro, Mate 20 X, P30, P30 Pro, Hima-L29C, Laya-AL00EP, Princeton-AL10B, Tony-AL00B, Yale-L61A, Yale-TL00B y YaleP- AL10B','PARTIAL'),('CVE-2020-9251','NONE',2.1,'LOW','NONE','Los teléfonos inteligentes HUAWEI Mate 20 con versiones anteriores a 10.1.0.160(C00E160R2P11), presentan una vulnerabilidad de autorización inapropiada. El software no restringe apropiadamente determinadas operaciones en ciertos escenarios, el atacante debe hacer determinada configuración antes de que el usuario active la función student mode. Una explotación con éxito podría permitir a un atacante omitir el límite de la función student mode. Las versiones de producto afectadas incluyen: versiones de HUAWEI Mate 20 anteriores a 10.1.0.160(C00E160R3P8)','PARTIAL'),('CVE-2020-9252','NONE',2.1,'LOW','NONE','Los teléfonos inteligentes HUAWEI Mate 20 versiones anteriores a 10.1.0.160(C00E160R3P8), HUAWEI Mate 20 X versiones anteriores a 10.1.0.135(C00E135R2P8), HUAWEI Mate 20 RS versiones anteriores a 10.1.0.160(C786E160R3P8) y Honor Magic2 versiones anteriores a 10.1. 0.160(C00E160R2P11), presenta una vulnerabilidad de salto de ruta. El sistema no comprueba suficientemente determinado nombre de ruta de un determinado proceso, una explotación con éxito podría permitir a un atacante escribir archivos en una ruta diseñada','PARTIAL'),('CVE-2020-9375','COMPLETE',7.8,'HIGH','NONE','Dispositivos TP-Link Archer C50 versiones V3 anteriores a Build 200318 Rel. 62209, permite a atacantes remotos causar una denegación de servicio por medio de un Encabezado HTTP diseñado que contiene un campo Referer inesperado.','NONE'),('CVE-2020-9438','NONE',4.3,'MEDIUM','NONE','Tinxy Door Lock con versión de firmware anterior a 3.2, permite a atacantes desbloquear una puerta al reproducir una petición Unlock que se produjo cuando el atacante fue autorizado previamente. En otras palabras, la revocación de acceso a la puerta es manejada inapropiadamente','PARTIAL'),('CVE-2021-22440','NONE',2.1,'LOW','PARTIAL','Se presenta una vulnerabilidad de salto de ruta en algunos productos de Huawei. La vulnerabilidad es debido a que el software usa una entrada externa para construir un nombre de ruta que pretende identificar un archivo o directorio que se encuentra debajo de un directorio principal restringido, pero el software no comprueba apropiadamente el nombre de ruta. Una explotación con éxito podría permitir al atacante acceder a una ubicación que está fuera del directorio restringido mediante un nombre de archivo diseñado. Las versiones de producto afectadas son:HUAWEI Mate 20 versión 9.0.0.195(C01E195R2P1), versión 9.1.0.139(C00E133R3P1);HUAWEI Mate 20 Pro versión 9.0. versión 0.187(C432E10R1P16), versión 9.0.0.188(C185E10R2P1), versión 9.0.0.245(C10E10R2P1), versión 9.0.0.266(C432E10R1P16), versión 9.0.0.267(C636E10R2P1),versión 9. versión 0.0.268(C635E12R1P16), versión 9.0.0.278(C185E10R2P1); Hima-L29C versión 9.0.0.105(C10E9R1P16), versión 9.0.0.105(C185E9R1P16), versión 9.0.0. 105(C636E9R1P16); Laya-AL00EP versión 9.1.0.139(C786E133R3P1); OxfordS-AN00A versión 10.1.0.223(C00E210R5P1); Tony-AL00B versión 9.1.0.257(C00E222R2P1)','NONE'),('CVE-2021-28155','COMPLETE',6.1,'MEDIUM','NONE','Una implementación de Bluetooth Classic en los dispositivos JBL TUNE500BT, no maneja apropiadamente la recepción de respuestas LMP continuas no solicitadas, permitiendo a atacantes en el rango de radio desencadenar una denegación de servicio y apagar un dispositivo inundando el dispositivo de destino con datos de respuesta de características LMP','NONE'),('CVE-2021-37436','NONE',1.9,'LOW','PARTIAL','Unos dispositivos Amazon Echo Dot versiones hasta 02-07-2021 a veces permiten a atacantes, que tienen acceso físico a un dispositivo después de un restablecimiento de fábrica, obtener información confidencial por medio de una serie de complejos ataques de hardware y software. NOTA: según se informa, hubo declaraciones de marketing del proveedor sobre la eliminación segura de contenido personal por medio de un restablecimiento de fábrica. Además, el proveedor ha reportado que está trabajando en la mitigación','NONE'),('CVE-2021-38548','NONE',4.3,'MEDIUM','PARTIAL','Los dispositivos JBL Go 2 hasta el 09-08-2021, permiten a atacantes remotos recuperar las señales de voz de un LED del dispositivo, por medio de un telescopio y un sensor electro-óptico, también se conoce como un ataque \"Glowworm\". El LED indicador de potencia de los altavoces está conectado directamente a la línea de alimentación, por lo que la intensidad del LED indicador de potencia de un dispositivo es correlativa al consumo de energía. El sonido reproducido por los altavoces afecta a su consumo de energía y, en consecuencia, también es correlativo a la intensidad luminosa de los LED. Al analizar las medidas obtenidas por un sensor electro-óptico dirigido a los LEDs indicadores de potencia de los altavoces, podemos recuperar el sonido reproducido por los mismos','NONE'),('CVE-2021-4045','COMPLETE',10,'HIGH','COMPLETE','La cámara IP TP-Link Tapo C200, en su versión de firmware 1.1.15 y anteriores, está afectada por una vulnerabilidad RCE no autenticada, presente en el binario uhttpd que es ejecutado por fallo como root. La explotación de esta vulnerabilidad permite a un atacante tomar el control total de la cámara','COMPLETE'),('CVE-2022-25809','COMPLETE',9,'HIGH','PARTIAL','Una Neutralización Inapropiada de la salida de audio de los dispositivos Amazon Echo Dot de 3ª y 4ª generación permite una ejecución de comandos de voz arbitrarios en estos dispositivos por medio de una habilidad maliciosa (en el caso de atacantes remotos) o mediante el emparejamiento de un dispositivo Bluetooth malicioso (en el caso de atacantes físicamente próximos), también conocido como ataque \"Alexa versus Alexa (AvA)\"','PARTIAL'),('CVE-2022-33087','COMPLETE',7.8,'HIGH','NONE','Un desbordamiento de pila en la función DM_ In fillobjbystr() de TP-Link Archer versión C50&amp;A5(US)_V5_200407, permite a atacantes causar una Denegación de Servicio (DoS) por medio de una petición HTTP diseñada','NONE'),('CVE-2022-36228','',0,'','','Nokelock Smart padlock O1 versión 5.3.0 es vulnerable a permisos inseguros. Al enviar una solicitud, puede agregar cualquier dispositivo y configurar la contraseña del dispositivo en la aplicación Nokelock.',''),('CVE-2022-36442','NONE',5.5,'MEDIUM','NONE','','HIGH'),('CVE-2022-37060','NONE',7.5,'HIGH','HIGH','Las cámaras de sensor térmico FLIR AX8, versiones hasta 1.46.16 incluyéndola, son vulnerables a un Salto de Directorio debido a una restricción de acceso inapropiada. Un atacante remoto no autenticado puede aprovechar esta situación mediante el envío de una URI que contenga caracteres de salto de directorio para divulgar el contenido de archivos ubicados fuera de la ruta restringida del servidor.','NONE'),('CVE-2022-37061','HIGH',9.8,'CRITICAL','HIGH','Todas las cámaras térmicas FLIR AX8 versiones hasta 1.46.16, son vulnerables a una Inyección de Comandos Remotos. Esto puede ser explotado para inyectar y ejecutar comandos shell arbitrarios como usuario root mediante el parámetro id HTTP POST en el endpoint res.php. Una explotación con exitoso podría permitir al atacante ejecutar comandos arbitrarios en el sistema operativo subyacente con los privilegios de root.','HIGH'),('CVE-2022-37062','NONE',7.5,'HIGH','HIGH','Todas las cámaras de sensor térmico FLIR AX8, versiones hasta 1.46.16 incluyéndola, están afectadas por una vulnerabilidad de diseño no seguro debido a una restricción de acceso al directorio inapropiada. Un atacante remoto no autenticado puede explotar esto mediante el envío de un URI que contenga la ruta de la base de datos de usuarios SQLite y descargarla. Una explotación con éxito podría permitir al atacante extraer nombres de usuario y contraseñas con hash.','NONE'),('CVE-2022-37063','NONE',5.4,'MEDIUM','LOW','Todas las versiones de las cámaras de sensor térmico FLIR AX8 versiones hasta 1.46.16 incluyéndola, son vulnerables a un ataque de tipo Cross Site Scripting (XSS) debido a un saneo inapropiado de la entrada. Un atacante remoto autenticado puede ejecutar código JavaScript arbitrario en la interfaz de administración web. Una explotación con éxito podría permitir al atacante insertar código JavaScript malicioso.','LOW'),('CVE-2022-41505','HIGH',6.4,'MEDIUM','HIGH','','HIGH'),('CVE-2022-4364','HIGH',9.8,'CRITICAL','HIGH','','HIGH'),('CVE-2023-0936','COMPLETE',6.1,'MEDIUM','NONE','','NONE'),('CVE-2023-27126','NONE',4.6,'MEDIUM','HIGH','','NONE'),('CVE-2023-30383','HIGH',7.5,'HIGH','NONE','','NONE'),('CVE-2023-31188','HIGH',8,'HIGH','HIGH','Múltiples productos TP-LINK permiten que un atacante autenticado adyacente a la red ejecute comandos arbitrarios del sistema operativo. Los productos/versiones afectados son los siguientes: versiones de firmware de Archer C50 anteriores a \'Archer C50(JP)_V3_230505\', versiones de firmware de Archer C55 anteriores a \'Archer C55(JP)_V1_230506\' y versiones de firmware de Archer C20 anteriores a \'Archer C20(JP) )_V1_230616\'.\n','HIGH'),('CVE-2023-33248','HIGH',7.6,'HIGH','LOW','','HIGH'),('CVE-2023-38906','NONE',6.5,'MEDIUM','HIGH','','NONE'),('CVE-2023-38907','NONE',7.5,'HIGH','HIGH','Un problema en TPLink Smart bulb TPLink Tapo series L530 v.1.0.0 y Tapo Application v.2.8.14 permite a un atacante remoto obtener información sensible a través de la clave de sesión en la función de mensaje.','NONE'),('CVE-2023-38908','NONE',6.5,'MEDIUM','HIGH','','NONE'),('CVE-2023-38909','NONE',6.5,'MEDIUM','HIGH','','NONE'),('CVE-2023-40418','NONE',5.5,'MEDIUM','NONE','Se solucionó un problema de autenticación con una gestión de estado mejorada. Este problema se solucionó en watchOS 10. Es posible que un Apple Watch Ultra no se bloquee cuando se usa la aplicación Depth.','HIGH');
/*!40000 ALTER TABLE `vulnerabilidad` ENABLE KEYS */;
UNLOCK TABLES;
/*!40103 SET TIME_ZONE=@OLD_TIME_ZONE */;

/*!40101 SET SQL_MODE=@OLD_SQL_MODE */;
/*!40014 SET FOREIGN_KEY_CHECKS=@OLD_FOREIGN_KEY_CHECKS */;
/*!40014 SET UNIQUE_CHECKS=@OLD_UNIQUE_CHECKS */;
/*!40101 SET CHARACTER_SET_CLIENT=@OLD_CHARACTER_SET_CLIENT */;
/*!40101 SET CHARACTER_SET_RESULTS=@OLD_CHARACTER_SET_RESULTS */;
/*!40101 SET COLLATION_CONNECTION=@OLD_COLLATION_CONNECTION */;
/*!40111 SET SQL_NOTES=@OLD_SQL_NOTES */;

-- Dump completed on 2023-10-20 21:22:00
